"object_name","filename","lineno","listlabel"
parse_send_apn,include/parser.p4,97,pif_parrep_state_parse_send_apn
parse_ipv4,include/parser.p4,36,pif_parrep_state_parse_ipv4
parse_tcp,include/parser.p4,55,pif_parrep_state_parse_tcp
parse_auth_step_one,include/parser.p4,82,pif_parrep_state_parse_auth_step_one
parse_udp,include/parser.p4,45,pif_parrep_state_parse_udp
parse_initial_ctxt_setup_resp,include/parser.p4,122,pif_parrep_state_parse_initial_ctxt_setup_resp
parse_detach_req,include/parser.p4,107,pif_parrep_state_parse_detach_req
start,include/parser.p4,14,pif_parrep_state_start
parse_nas_step_two,include/parser.p4,92,pif_parrep_state_parse_nas_step_two
parse_ue_context_release,include/parser.p4,112,pif_parrep_state_parse_ue_context_release
parse_auth_step_three,include/parser.p4,87,pif_parrep_state_parse_auth_step_three
parse_send_ue_teid,include/parser.p4,102,pif_parrep_state_parse_send_ue_teid
parse_ue_service_req,include/parser.p4,117,pif_parrep_state_parse_ue_service_req
_condition_7,epc_basic_sgw_without_gtp.p4,241,pif_ctlflow_state_ingress_flow__condition_7
_condition_1,epc_basic_sgw_without_gtp.p4,213,pif_ctlflow_state_ingress_flow__condition_1
_condition_6,,1,pif_ctlflow_state_ingress_flow__condition_6
_condition_10,epc_basic_sgw_without_gtp.p4,249,pif_ctlflow_state_ingress_flow__condition_10
_condition_0,epc_basic_sgw_without_gtp.p4,204,pif_ctlflow_state_ingress_flow__condition_0
_condition_5,,1,pif_ctlflow_state_ingress_flow__condition_5
_condition_13,epc_basic_sgw_without_gtp.p4,281,pif_ctlflow_state_ingress_flow__condition_13
_condition_12,epc_basic_sgw_without_gtp.p4,277,pif_ctlflow_state_ingress_flow__condition_12
_condition_11,,1,pif_ctlflow_state_ingress_flow__condition_11
_condition_4,epc_basic_sgw_without_gtp.p4,229,pif_ctlflow_state_ingress_flow__condition_4
_condition_17,,1,pif_ctlflow_state_ingress_flow__condition_17
_condition_16,epc_basic_sgw_without_gtp.p4,297,pif_ctlflow_state_ingress_flow__condition_16
_condition_15,epc_basic_sgw_without_gtp.p4,292,pif_ctlflow_state_ingress_flow__condition_15
_condition_14,epc_basic_sgw_without_gtp.p4,286,pif_ctlflow_state_ingress_flow__condition_14
_condition_2,epc_basic_sgw_without_gtp.p4,218,pif_ctlflow_state_ingress_flow__condition_2
_condition_3,epc_basic_sgw_without_gtp.p4,223,pif_ctlflow_state_ingress_flow__condition_3
_condition_18,epc_basic_sgw_without_gtp.p4,305,pif_ctlflow_state_ingress_flow__condition_18
_condition_9,epc_basic_sgw_without_gtp.p4,247,pif_ctlflow_state_ingress_flow__condition_9
_condition_8,,1,pif_ctlflow_state_ingress_flow__condition_8
ingress::tbl_act_6,,1,pif_ctlflow_state_ingress_flow_ingress::tbl_act_6
ingress::tbl_act_9,,1,pif_ctlflow_state_ingress_flow_ingress::tbl_act_9
ingress::tbl_act_8,,1,pif_ctlflow_state_ingress_flow_ingress::tbl_act_8
ingress::tbl_act,,1,pif_ctlflow_state_ingress_flow_ingress::tbl_act
ingress::tbl_act_3,,1,pif_ctlflow_state_ingress_flow_ingress::tbl_act_3
ingress::tbl_act_2,,1,pif_ctlflow_state_ingress_flow_ingress::tbl_act_2
ingress::tbl_act_1,,1,pif_ctlflow_state_ingress_flow_ingress::tbl_act_1
ingress::tbl_act_10,,1,pif_ctlflow_state_ingress_flow_ingress::tbl_act_10
ingress::tbl_act_7,,1,pif_ctlflow_state_ingress_flow_ingress::tbl_act_7
ingress::ip_op_tun_s2_downlink,epc_basic_sgw_without_gtp.p4,53,pif_ctlflow_state_ingress_flow_ingress::ip_op_tun_s2_downlink
ingress::tbl_act_5,,1,pif_ctlflow_state_ingress_flow_ingress::tbl_act_5
ingress::tbl_act_4,,1,pif_ctlflow_state_ingress_flow_ingress::tbl_act_4
ingress::uekey_guti_map,epc_basic_sgw_without_gtp.p4,92,pif_ctlflow_state_ingress_flow_ingress::uekey_guti_map
ingress::uekey_uestate_map,epc_basic_sgw_without_gtp.p4,76,pif_ctlflow_state_ingress_flow_ingress::uekey_uestate_map
ingress::arp_tbl,epc_basic_sgw_without_gtp.p4,191,pif_ctlflow_state_ingress_flow_ingress::arp_tbl
ingress::ip_op_tun_s2_uplink,epc_basic_sgw_without_gtp.p4,30,pif_ctlflow_state_ingress_flow_ingress::ip_op_tun_s2_uplink
ingress::tbl_act_0,,1,pif_ctlflow_state_ingress_flow_ingress::tbl_act_0
ingress::act_8,,1,pif_action_state_ingress::act_8
ingress::fwd_act,epc_basic_sgw_without_gtp.p4,183,pif_action_state_ingress::fwd_act
ingress::drop_act,epc_basic_sgw_without_gtp.p4,187,pif_action_state_ingress::drop_act
ingress::act,,1,pif_action_state_ingress::act
ingress::populate_uekey_uestate_map,epc_basic_sgw_without_gtp.p4,72,pif_action_state_ingress::populate_uekey_uestate_map
ingress::act_9,,1,pif_action_state_ingress::act_9
ingress::act_0,,1,pif_action_state_ingress::act_0
ingress::act_1,,1,pif_action_state_ingress::act_1
ingress::act_10,,1,pif_action_state_ingress::act_10
ingress::act_3,,1,pif_action_state_ingress::act_3
ingress::act_4,,1,pif_action_state_ingress::act_4
ingress::act_5,,1,pif_action_state_ingress::act_5
ingress::act_6,,1,pif_action_state_ingress::act_6
ingress::act_7,,1,pif_action_state_ingress::act_7
ingress::populate_ip_op_tun_s2_uplink,epc_basic_sgw_without_gtp.p4,25,pif_action_state_ingress::populate_ip_op_tun_s2_uplink
ingress::populate_ip_op_tun_s2_downlink,epc_basic_sgw_without_gtp.p4,49,pif_action_state_ingress::populate_ip_op_tun_s2_downlink
ingress::populate_uekey_guti_map,epc_basic_sgw_without_gtp.p4,88,pif_action_state_ingress::populate_uekey_guti_map
ingress::act_2,,1,pif_action_state_ingress::act_2
